"","Protein1","Protein2","LinkPos1","LinkPos2","Score"
"1","EZH2_Q15910-2","EZH2_Q15910-2","39","30",5.58e-07
"2","EZH2_Q15910-2","EZH2_Q15910-2","574","299",0.000766
"3","EZH2_Q15910-2","EZH2_Q15910-2","639","718",0.000237
"4","AEBP2_Q6ZN18","AEBP2_Q6ZN18","303","326",6.25e-18
"5","EZH2_Q15910-2","EZH2_Q15910-2","314","312",1.57e-12
"6","EZH2_Q15910-2","EZH2_Q15910-2","10","20",4.8e-18
"7","EZH2_Q15910-2","EZH2_Q15910-2","20","7",0.000112
"8","EZH2_Q15910-2","EZH2_Q15910-2","639","718",1.19e-08
"9","EZH2_Q15910-2","EZH2_Q15910-2","639","574",5.02e-19
"10","EZH2_Q15910-2","EZH2_Q15910-2","703","718",0.000808
"11","EZH2_Q15910-2","EZH2_Q15910-2","234","20",2.5e-13
"12","AEBP2_Q6ZN18","AEBP2_Q6ZN18","482","473",3.27e-13
"13","AEBP2_Q6ZN18","EZH2_Q15910-2","482","20",1.47e-08
"14","EZH2_Q15910-2","EZH2_Q15910-2","607","568",2.1e-14
"15","EZH2_Q15910-2","EZH2_Q15910-2","245","217",0.00045
"16","EZH2_Q15910-2","EZH2_Q15910-2","740","718",1.65e-11
"17","EZH2_Q15910-2","EZH2_Q15910-2","20","30",3.42e-06
"18","AEBP2_Q6ZN18","AEBP2_Q6ZN18","366","379",5.88e-07
"19","EZH2_Q15910-2","AEBP2_Q6ZN18","20","499",2.4e-07
"20","EZH2_Q15910-2","EZH2_Q15910-2","574","740",5.16e-10
"21","EZH2_Q15910-2","EZH2_Q15910-2","426","477",1.83e-10
